{
  "cpu": {
    "file_hash": "e50441cadcbc35fca4a58d68323b587e261c028955d4be1cbf0d285168c8fbd4",
    "audio_hash": "781f80c73a903f099237057ee3624bd2c3d4f7f711059a7da39ded398ebb2f20",
    "duration_s": 11.888617,
    "sample_rate": 44100,
    "channels": 2,
    "bit_depth": 16,
    "loudness": {
      "lufs": -19.03,
      "true_peak_dbfs": -0.24,
      "lra_lu": 2.6,
      "threshold_lufs": -30.21
    },
    "peak_dbfs": -0.236453,
    "rms_dbfs": -21.582673,
    "mono_rms_dbfs": -21.659393,
    "crest_db": 21.34622,
    "channel_rms_dbfs": [
      -21.198287,
      -22.004415
    ],
    "clip_counts": {
      "exact_fullscale": 0,
      "within_0.1_dbfs": 0,
      "within_1_dbfs": 51,
      "within_2_dbfs": 310,
      "within_3_dbfs": 980
    },
    "frame_rms_dbfs": {
      "min": -92.176363,
      "p01": -82.837756,
      "p05": -70.572808,
      "p10": -60.462346,
      "median": -22.058001,
      "p90": -18.819022,
      "p95": -17.627042,
      "p99": -16.367911,
      "max": -16.350386,
      "p95_minus_p10": 42.835304
    },
    "stereo": {
      "lr_corr": 0.969161,
      "side_to_mid_db": -17.490391,
      "side_energy_pct": 1.751012
    },
    "spectral": {
      "total_power_db": 17.419554,
      "centroid_hz": 225.642943,
      "rolloff_50_hz": 118.432617,
      "rolloff_85_hz": 172.265625,
      "rolloff_95_hz": 269.165039,
      "rolloff_99_hz": 4024.017334,
      "flatness_db": -23.851613
    },
    "macro": {
      "low_20_250_pct": 94.478763,
      "full_20_500_pct": 96.617021,
      "bright_2k_12k_pct": 1.783137,
      "top_5k_20k_pct": 0.705286
    },
    "broad_bands": {
      "20-60": {
        "pct": 6.665844,
        "raw_db": 5.658106,
        "rel_db": -11.761449
      },
      "60-120": {
        "pct": 43.798334,
        "raw_db": 13.83413,
        "rel_db": -3.585424
      },
      "120-250": {
        "pct": 44.014585,
        "raw_db": 13.85552,
        "rel_db": -3.564034
      },
      "250-500": {
        "pct": 2.138258,
        "raw_db": 0.720155,
        "rel_db": -16.6994
      },
      "500-1k": {
        "pct": 1.045121,
        "raw_db": -2.38878,
        "rel_db": -19.808334
      },
      "1k-2k": {
        "pct": 0.517791,
        "raw_db": -5.438901,
        "rel_db": -22.858456
      },
      "2k-5k": {
        "pct": 1.114782,
        "raw_db": -2.108548,
        "rel_db": -19.528102
      },
      "5k-12k": {
        "pct": 0.668355,
        "raw_db": -4.330373,
        "rel_db": -21.749928
      },
      "12k-20k": {
        "pct": 0.036931,
        "raw_db": -16.906581,
        "rel_db": -34.326136
      }
    },
    "detail_bands": {
      "20-40": {
        "pct": 1.915802,
        "raw_db": 0.243061,
        "rel_db": -17.176493
      },
      "40-60": {
        "pct": 4.750042,
        "raw_db": 4.186529,
        "rel_db": -13.233026
      },
      "60-80": {
        "pct": 15.430779,
        "raw_db": 9.303433,
        "rel_db": -8.116121
      },
      "80-120": {
        "pct": 28.367554,
        "raw_db": 11.947773,
        "rel_db": -5.471781
      },
      "120-180": {
        "pct": 35.516332,
        "raw_db": 12.923835,
        "rel_db": -4.495719
      },
      "180-250": {
        "pct": 8.498253,
        "raw_db": 6.712851,
        "rel_db": -10.706703
      },
      "250-350": {
        "pct": 1.443579,
        "raw_db": -0.986041,
        "rel_db": -18.405595
      },
      "350-500": {
        "pct": 0.694679,
        "raw_db": -4.162605,
        "rel_db": -21.582159
      },
      "500-800": {
        "pct": 0.883741,
        "raw_db": -3.117196,
        "rel_db": -20.53675
      },
      "800-1200": {
        "pct": 0.264676,
        "raw_db": -8.353296,
        "rel_db": -25.772851
      },
      "1200-2000": {
        "pct": 0.414495,
        "raw_db": -6.405255,
        "rel_db": -23.824809
      },
      "2k-3.5k": {
        "pct": 0.57635,
        "raw_db": -4.973586,
        "rel_db": -22.39314
      },
      "3.5k-5k": {
        "pct": 0.538432,
        "raw_db": -5.269137,
        "rel_db": -22.688691
      },
      "5k-8k": {
        "pct": 0.407967,
        "raw_db": -6.474198,
        "rel_db": -23.893752
      },
      "8k-12k": {
        "pct": 0.260388,
        "raw_db": -8.424232,
        "rel_db": -25.843786
      },
      "12k-16k": {
        "pct": 0.036443,
        "raw_db": -16.964271,
        "rel_db": -34.383825
      },
      "16k-20k": {
        "pct": 0.000487,
        "raw_db": -35.702284,
        "rel_db": -53.121839
      }
    },
    "roughness": {
      "zero_crossings_per_sec": 3422.355885,
      "sample_diff_rms_to_signal_db": -19.299205
    }
  },
  "vulkan": {
    "file_hash": "2dba4f068803e14aa69628686ef923be37899dd280bd3470613437624e54c517",
    "audio_hash": "50fd7ce3fa134d45f402b8db685c0f0d295c512459655a8220d20c8fdb39050f",
    "duration_s": 11.888617,
    "sample_rate": 44100,
    "channels": 2,
    "bit_depth": 16,
    "loudness": {
      "lufs": -19.01,
      "true_peak_dbfs": -0.06,
      "lra_lu": 2.3,
      "threshold_lufs": -30.18
    },
    "peak_dbfs": -0.170244,
    "rms_dbfs": -21.430559,
    "mono_rms_dbfs": -21.503776,
    "crest_db": 21.260315,
    "channel_rms_dbfs": [
      -21.032042,
      -21.869373
    ],
    "clip_counts": {
      "exact_fullscale": 0,
      "within_0.1_dbfs": 0,
      "within_1_dbfs": 235,
      "within_2_dbfs": 767,
      "within_3_dbfs": 1655
    },
    "frame_rms_dbfs": {
      "min": -90.626738,
      "p01": -82.611229,
      "p05": -69.469109,
      "p10": -60.396957,
      "median": -22.121707,
      "p90": -18.502909,
      "p95": -17.41975,
      "p99": -16.239049,
      "max": -16.186146,
      "p95_minus_p10": 42.977206
    },
    "stereo": {
      "lr_corr": 0.971095,
      "side_to_mid_db": -17.69505,
      "side_energy_pct": 1.671757
    },
    "spectral": {
      "total_power_db": 17.638453,
      "centroid_hz": 213.0232,
      "rolloff_50_hz": 110.357666,
      "rolloff_85_hz": 166.882324,
      "rolloff_95_hz": 253.015137,
      "rolloff_99_hz": 3840.985107,
      "flatness_db": -24.201324
    },
    "macro": {
      "low_20_250_pct": 94.779434,
      "full_20_500_pct": 96.796857,
      "bright_2k_12k_pct": 1.662599,
      "top_5k_20k_pct": 0.651964
    },
    "broad_bands": {
      "20-60": {
        "pct": 10.490231,
        "raw_db": 7.846304,
        "rel_db": -9.79215
      },
      "60-120": {
        "pct": 43.701184,
        "raw_db": 14.043385,
        "rel_db": -3.595068
      },
      "120-250": {
        "pct": 40.588019,
        "raw_db": 13.722432,
        "rel_db": -3.916021
      },
      "250-500": {
        "pct": 2.017423,
        "raw_db": 0.686422,
        "rel_db": -16.952031
      },
      "500-1k": {
        "pct": 0.976291,
        "raw_db": -2.465753,
        "rel_db": -20.104206
      },
      "1k-2k": {
        "pct": 0.531567,
        "raw_db": -5.105969,
        "rel_db": -22.744422
      },
      "2k-5k": {
        "pct": 1.043322,
        "raw_db": -2.177365,
        "rel_db": -19.815818
      },
      "5k-12k": {
        "pct": 0.619277,
        "raw_db": -4.442695,
        "rel_db": -22.081149
      },
      "12k-20k": {
        "pct": 0.032687,
        "raw_db": -17.217837,
        "rel_db": -34.856291
      }
    },
    "detail_bands": {
      "20-40": {
        "pct": 4.949485,
        "raw_db": 4.584053,
        "rel_db": -13.0544
      },
      "40-60": {
        "pct": 5.540746,
        "raw_db": 5.074136,
        "rel_db": -12.564318
      },
      "60-80": {
        "pct": 13.499617,
        "raw_db": 8.941668,
        "rel_db": -8.696786
      },
      "80-120": {
        "pct": 30.201567,
        "raw_db": 12.438748,